id,tipo,categoria,fecha
art_0,original,cultura,2025-08-31T18:38:00
art_1,original,pais,2025-08-31T18:36:00
art_2,original,pais,2025-08-31T18:08:00
art_3,original,deportes,2025-08-31T17:45:00
art_4,original,pais,2025-08-31T17:34:00
art_5,original,deportes,2025-08-31T17:22:00
art_6,original,deportes,2025-08-31T17:02:00
art_7,original,pais,2025-08-31T16:37:00
art_8,original,pais,2025-08-31T16:14:00
art_9,original,mundo,2025-08-31T15:57:00
art_10,original,deportes,2025-08-31T15:42:00
art_11,original,mundo,2025-08-31T15:34:00
art_12,original,mundo,2025-08-31T15:29:00
art_13,original,mundo,2025-08-31T15:27:00
art_14,original,mundo,2025-08-31T15:15:00
art_15,original,mundo,2025-08-31T15:13:00
art_16,original,pais,2025-08-31T14:44:00
art_17,original,cultura,2025-08-31T14:18:00
art_18,original,deportes,2025-08-31T14:03:00
art_19,original,pais,2025-08-31T13:44:00
art_20,original,deportes,2025-08-31T13:32:00
art_21,original,deportes,2025-08-31T13:21:00
art_22,original,cultura,2025-08-31T13:03:00
art_23,original,pais,2025-08-31T12:54:00
art_24,original,deportes,2025-08-31T12:48:00
art_25,original,pais,2025-08-31T12:45:00
art_26,original,pais,2025-08-31T12:07:00
art_27,original,pais,2025-08-31T12:02:00
art_28,original,pais,2025-08-31T11:44:00
art_29,original,mundo,2025-08-31T11:20:00
art_30,original,mundo,2025-08-31T10:20:00
art_31,original,pais,2025-08-31T09:47:00
art_32,original,deportes,2025-08-31T09:24:00
art_33,original,pais,2025-08-31T09:05:00
art_34,original,pais,2025-08-30T19:45:00
art_35,original,pais,2025-08-30T19:19:00
art_36,original,pais,2025-08-30T18:33:00
art_37,original,deportes,2025-08-30T17:20:00
art_38,original,deportes,2025-08-30T17:00:00
art_39,original,mundo,2025-08-30T16:39:00
art_40,original,pais,2025-08-30T16:14:00
art_41,original,mundo,2025-08-30T16:08:00
art_42,original,mundo,2025-08-30T16:03:00
art_43,original,mundo,2025-08-30T15:50:00
art_44,original,deportes,2025-08-30T15:33:00
art_45,original,mundo,2025-08-30T15:25:00
art_46,original,mundo,2025-08-30T15:05:00
art_47,original,pais,2025-08-30T15:03:00
art_48,original,mundo,2025-08-30T14:48:00
art_49,original,cultura,2025-08-30T14:33:00
art_50,original,pais,2025-08-30T14:10:00
art_51,original,mundo,2025-08-30T13:47:00
art_52,original,pais,2025-08-30T13:27:00
art_53,original,cultura,2025-08-30T13:01:00
art_54,original,pais,2025-08-30T12:55:00
art_55,original,mundo,2025-08-30T12:36:00
art_56,original,mundo,2025-08-30T12:31:00
art_57,original,pais,2025-08-30T12:23:00
art_58,original,pais,2025-08-30T12:11:00
art_59,original,pais,2025-08-30T11:40:00
art_60,original,pais,2025-08-30T11:31:00
art_61,original,pais,2025-08-30T10:55:00
art_62,original,pais,2025-08-30T10:54:00
art_63,original,mundo,2025-08-30T10:15:00
art_64,original,pais,2025-08-30T09:48:00
art_65,original,cultura,2025-08-30T09:29:00
art_66,original,pais,2025-08-30T09:11:00
art_67,original,pais,2025-08-29T19:40:00
art_68,original,pais,2025-08-29T18:53:00
art_69,original,pais,2025-08-29T17:35:00
art_70,original,pais,2025-08-29T17:28:00
art_71,original,mundo,2025-08-29T16:24:00
art_72,original,mundo,2025-08-29T15:59:00
art_73,original,mundo,2025-08-29T15:49:00
art_74,original,negocios,2025-08-29T15:42:00
art_75,original,cultura,2025-08-29T15:31:00
art_76,original,pais,2025-08-29T15:05:00
art_77,original,bits,2025-08-29T15:02:00
art_78,original,negocios,2025-08-29T14:55:00
art_79,original,pais,2025-08-29T14:50:00
art_80,original,pais,2025-08-29T14:45:00
art_81,original,pais,2025-08-29T14:39:00
art_82,original,pais,2025-08-29T14:25:00
art_83,original,servicios,2025-08-29T14:25:00
art_84,original,cultura,2025-08-29T14:16:00
art_85,original,mundo,2025-08-29T13:51:00
art_86,original,deportes,2025-08-29T13:43:00
art_87,original,mundo,2025-08-29T13:41:00
art_88,original,pais,2025-08-29T13:35:00
art_89,original,cultura,2025-08-29T13:20:00
art_90,original,pais,2025-08-29T12:25:00
art_91,original,cultura,2025-08-29T11:52:00
art_92,original,pais,2025-08-29T11:17:00
art_93,original,deportes,2025-08-29T11:05:00
art_94,original,pais,2025-08-29T11:02:00
art_95,original,pais,2025-08-29T10:43:00
art_96,original,pais,2025-08-29T10:43:00
art_97,original,pais,2025-08-29T10:12:00
art_98,original,servicios,2025-08-29T10:02:00
art_99,original,cultura,2025-08-29T10:01:00
art_100,original,pais,2025-08-29T09:39:00
art_101,original,pais,2025-08-29T09:36:00
art_102,original,servicios,2025-08-29T09:21:00
art_103,original,negocios,2025-08-29T09:04:00
art_104,original,pais,2025-08-29T08:58:00
art_105,original,deportes,2025-08-29T08:52:00
art_106,original,pais,2025-08-29T08:46:00
art_107,original,mundo,2025-08-29T08:21:00
art_108,original,deportes,2025-08-29T08:00:00
art_109,original,pais,2025-08-29T07:57:00
art_110,original,pais,2025-08-29T07:55:00
art_111,original,pais,2025-08-29T07:43:00
art_112,original,mundo,2025-08-29T07:32:00
art_113,original,pais,2025-08-29T07:07:00
art_114,original,pais,2025-08-29T05:13:00
art_115,original,pais,2025-08-28T23:30:00
art_116,original,pais,2025-08-28T21:40:00
art_117,original,cultura,2025-08-28T20:59:00
art_118,original,pais,2025-08-28T20:31:00
art_119,original,mundo,2025-08-28T19:44:00
art_120,original,pais,2025-08-28T18:49:00
art_121,original,pais,2025-08-28T18:41:00
art_122,original,pais,2025-08-28T18:27:00
art_123,original,mundo,2025-08-28T18:06:00
art_124,original,cultura,2025-08-28T18:00:00
art_125,original,pais,2025-08-28T17:50:00
art_126,original,mundo,2025-08-28T17:39:00
art_127,original,pais,2025-08-28T17:09:00
art_128,original,mundo,2025-08-28T17:04:00
art_129,original,pais,2025-08-28T16:56:00
AgenteanalistaDeDatos__art_10,agente,deportes,
AgenteanalistaDeDatos__art_11,agente,mundo,
AgenteanalistaDeDatos__art_12,agente,mundo,
AgenteanalistaDeDatos__art_13,agente,mundo,
AgenteanalistaDeDatos__art_14,agente,mundo,
AgenteanalistaDeDatos__art_15,agente,mundo,
AgenteanalistaDeDatos__art_16,agente,pais,
AgenteanalistaDeDatos__art_17,agente,cultura,
AgenteanalistaDeDatos__art_18,agente,deportes,
AgenteanalistaDeDatos__art_19,agente,pais,
AgenteanalogadorCreativo__art_40,agente,pais,
AgenteanalogadorCreativo__art_41,agente,mundo,
AgenteanalogadorCreativo__art_42,agente,mundo,
AgenteanalogadorCreativo__art_43,agente,mundo,
AgenteanalogadorCreativo__art_44,agente,deportes,
AgenteanalogadorCreativo__art_45,agente,mundo,
AgenteanalogadorCreativo__art_46,agente,mundo,
AgenteanalogadorCreativo__art_47,agente,pais,
AgenteanalogadorCreativo__art_48,agente,mundo,
AgenteanalogadorCreativo__art_49,agente,cultura,
AgentehashtageroEstrategico__art_20,agente,deportes,
AgentehashtageroEstrategico__art_21,agente,deportes,
AgentehashtageroEstrategico__art_22,agente,cultura,
AgentehashtageroEstrategico__art_23,agente,pais,
AgentehashtageroEstrategico__art_24,agente,deportes,
AgentehashtageroEstrategico__art_25,agente,pais,
AgentehashtageroEstrategico__art_26,agente,pais,
AgentehashtageroEstrategico__art_27,agente,pais,
AgentehashtageroEstrategico__art_28,agente,pais,
AgentehashtageroEstrategico__art_29,agente,mundo,
AgentepreguntadorCurioso__art_30,agente,mundo,
AgentepreguntadorCurioso__art_31,agente,pais,
AgentepreguntadorCurioso__art_32,agente,deportes,
AgentepreguntadorCurioso__art_33,agente,pais,
AgentepreguntadorCurioso__art_34,agente,pais,
AgentepreguntadorCurioso__art_35,agente,pais,
AgentepreguntadorCurioso__art_36,agente,pais,
AgentepreguntadorCurioso__art_37,agente,deportes,
AgentepreguntadorCurioso__art_38,agente,deportes,
AgentepreguntadorCurioso__art_39,agente,mundo,
AgentetitularesImpactantes__art_0,agente,cultura,
AgentetitularesImpactantes__art_1,agente,pais,
AgentetitularesImpactantes__art_2,agente,pais,
AgentetitularesImpactantes__art_3,agente,deportes,
AgentetitularesImpactantes__art_4,agente,pais,
AgentetitularesImpactantes__art_5,agente,deportes,
AgentetitularesImpactantes__art_6,agente,deportes,
AgentetitularesImpactantes__art_7,agente,pais,
AgentetitularesImpactantes__art_8,agente,pais,
AgentetitularesImpactantes__art_9,agente,mundo,
