"url","where_matched","container","tweet_id","tweet_time","tweet_author_handle","tweet_author_name","tweet_text","retweets","replies","likes","reply_id","reply_time","reply_author_handle","reply_author_name","reply_text","reply_bot_score","has_link","urls","expanded_urls","domains","label","fake_reason"
"https://x.com/GuillermoRocaf1/status/1979992705565372549","reply","replies","1979992705565372549","2025-10-19T19:27:02.000Z","GuillermoRocaf1","Guillermo Rocafort","#URGENT: the RIGGING METHOD used by INDRA in Spain is the ANGOLAN METHOD, according to the 2008 European Parliament electoral mission report (see report in link and excerpt) consisting of: -Total absence of transparency in the vote tabulation processes by INDRA -Total absence of observers and political party representatives in the entry of electoral results into INDRA's computer systems -Absence of manual tabulation of results -Absence of publication of results segregated by polling stations (tables and schools) which prevents cross-checking the results cooked up by INDRA Are we facing a Systematization of the #RIGGING method? Solutions to the problem: -Perform manual tabulations by table and polling station and make them public -Transmit on television the tabulation processes both manual and automatic -Automatically publish all tabulations segregated by polling stations (tables and schools) to allow cross-checks between manual and computer counts by any person -Allow total transparency in the computer processes that are carried out -Prohibit INDRA from carrying out any electoral process in Spain or outside of it","419","14","567","1980041235428507653","2025-10-19T22:39:52.000Z","anto05466940","JA, JA 2","Y que la Oposición haga el recuento de las Actas Generales( resultado definitivo) en base a la Ley Electoral, La LOREG, para certificar el resultado provisional del escrutinio de INDRA","0.6000000000000001","False","","","","unknown",""
"https://x.com/GuillermoRocaf1/status/1979992705565372549","reply","replies","1979992705565372549","2025-10-19T19:27:02.000Z","GuillermoRocaf1","Guillermo Rocafort","#URGENT: the RIGGING METHOD used by INDRA in Spain is the ANGOLAN METHOD, according to the 2008 European Parliament electoral mission report (see report in link and excerpt) consisting of: -Total absence of transparency in the vote tabulation processes by INDRA -Total absence of observers and political party representatives in the entry of electoral results into INDRA's computer systems -Absence of manual tabulation of results -Absence of publication of results segregated by polling stations (tables and schools) which prevents cross-checking the results cooked up by INDRA Are we facing a Systematization of the #RIGGING method? Solutions to the problem: -Perform manual tabulations by table and polling station and make them public -Transmit on television the tabulation processes both manual and automatic -Automatically publish all tabulations segregated by polling stations (tables and schools) to allow cross-checks between manual and computer counts by any person -Allow total transparency in the computer processes that are carried out -Prohibit INDRA from carrying out any electoral process in Spain or outside of it","419","14","567","1980041836300268008","2025-10-19T22:42:15.000Z","Filomatick","Antonio Lopez Peñalver","Las elecciones en España deverìa hacerlas la guardia civil","0.0","False","","","","unknown",""
"https://x.com/GuillermoRocaf1/status/1979992705565372549","reply","replies","1979992705565372549","2025-10-19T19:27:02.000Z","GuillermoRocaf1","Guillermo Rocafort","#URGENT: the RIGGING METHOD used by INDRA in Spain is the ANGOLAN METHOD, according to the 2008 European Parliament electoral mission report (see report in link and excerpt) consisting of: -Total absence of transparency in the vote tabulation processes by INDRA -Total absence of observers and political party representatives in the entry of electoral results into INDRA's computer systems -Absence of manual tabulation of results -Absence of publication of results segregated by polling stations (tables and schools) which prevents cross-checking the results cooked up by INDRA Are we facing a Systematization of the #RIGGING method? Solutions to the problem: -Perform manual tabulations by table and polling station and make them public -Transmit on television the tabulation processes both manual and automatic -Automatically publish all tabulations segregated by polling stations (tables and schools) to allow cross-checks between manual and computer counts by any person -Allow total transparency in the computer processes that are carried out -Prohibit INDRA from carrying out any electoral process in Spain or outside of it","419","14","567","1980041401363833206","2025-10-19T22:40:32.000Z","LletroSergi","sergi garcia alvarez","Pucherazo socialista ya está más que preparado","0.0","False","","","","fake_candidate","fake_regex"
"https://x.com/laquefaltaba10/status/1979497091610108387","tweet","tweet","1979497091610108387","2025-10-18T10:37:38.000Z","laquefaltaba10","La que faltaba","MAIL-IN VOTING: THE BACKDOOR TO ELECTION FRAUD Rocafort says it clearly: mail-in voting in Spain doesn't measure up to Europe. Neither secure, nor neutral, nor verifiable. Correos, in the hands of the PSOE. The Fixer at the helm. And you thinking you were voting freely. Vote buying, impersonations, and a system tailored to whoever's in charge. https:// eldistrito.es/guillermo-roca fort-denuncia-voto-por-correo-en-espana-vulnera-normativa-europea-pone-riesgo-democracia/ ... @GuillermoRocaf1 @El_Distrito @Espanaesnuestra","1245","64","2009","","","","","","","True","https://t.co/wB0owwU9te","","t.co","unknown",""
"https://x.com/laquefaltaba10/status/1979497091610108387","reply","replies","1979497091610108387","2025-10-18T10:37:38.000Z","laquefaltaba10","La que faltaba","MAIL-IN VOTING: THE BACKDOOR TO ELECTION FRAUD Rocafort says it clearly: mail-in voting in Spain doesn't measure up to Europe. Neither secure, nor neutral, nor verifiable. Correos, in the hands of the PSOE. The Fixer at the helm. And you thinking you were voting freely. Vote buying, impersonations, and a system tailored to whoever's in charge. https:// eldistrito.es/guillermo-roca fort-denuncia-voto-por-correo-en-espana-vulnera-normativa-europea-pone-riesgo-democracia/ ... @GuillermoRocaf1 @El_Distrito @Espanaesnuestra","1245","64","2009","1979505573986267238","2025-10-18T11:11:20.000Z","obnibium","jose perez","Hola ! Y que se puede hacer, para evitar el fraude?","0.0","False","","","","fake_candidate","fake_regex"
"https://x.com/laquefaltaba10/status/1979497091610108387","reply","replies","1979497091610108387","2025-10-18T10:37:38.000Z","laquefaltaba10","La que faltaba","MAIL-IN VOTING: THE BACKDOOR TO ELECTION FRAUD Rocafort says it clearly: mail-in voting in Spain doesn't measure up to Europe. Neither secure, nor neutral, nor verifiable. Correos, in the hands of the PSOE. The Fixer at the helm. And you thinking you were voting freely. Vote buying, impersonations, and a system tailored to whoever's in charge. https:// eldistrito.es/guillermo-roca fort-denuncia-voto-por-correo-en-espana-vulnera-normativa-europea-pone-riesgo-democracia/ ... @GuillermoRocaf1 @El_Distrito @Espanaesnuestra","1245","64","2009","1979510063300579397","2025-10-18T11:29:11.000Z","laquefaltaba10","La que faltaba","EH AQUÍ LA SOLUCIÓN PARA EL ""PROBLEMA"" DEL SUPUESTO FRAUDE ELECTORAL Como los del PSOE tienen un problema para cada solución, aquí va una que no les va a gustar: Voto con código de seguimiento Cadena de custodia auditada Escrutinio voto a voto Control ciudadano","0.2","False","","","","fake_candidate","fake_regex"
"https://x.com/laquefaltaba10/status/1979497091610108387","reply","replies","1979497091610108387","2025-10-18T10:37:38.000Z","laquefaltaba10","La que faltaba","MAIL-IN VOTING: THE BACKDOOR TO ELECTION FRAUD Rocafort says it clearly: mail-in voting in Spain doesn't measure up to Europe. Neither secure, nor neutral, nor verifiable. Correos, in the hands of the PSOE. The Fixer at the helm. And you thinking you were voting freely. Vote buying, impersonations, and a system tailored to whoever's in charge. https:// eldistrito.es/guillermo-roca fort-denuncia-voto-por-correo-en-espana-vulnera-normativa-europea-pone-riesgo-democracia/ ... @GuillermoRocaf1 @El_Distrito @Espanaesnuestra","1245","64","2009","1979811948758970779","2025-10-19T07:28:46.000Z","jfsj1964","Jafasa","Hay que ser muy tarado para hablar de pucherazo cuando tu partido ""ganó"" las elecciones. Puede ser que amañaran los votos para que Feijóo ganará sabiendo que no sería presidente porque no quiere? ""Reflexiones taradas"", escribe un libro","0.2","False","","","","fake_candidate","fake_regex"
"https://x.com/laquefaltaba10/status/1979497091610108387","reply","replies","1979497091610108387","2025-10-18T10:37:38.000Z","laquefaltaba10","La que faltaba","MAIL-IN VOTING: THE BACKDOOR TO ELECTION FRAUD Rocafort says it clearly: mail-in voting in Spain doesn't measure up to Europe. Neither secure, nor neutral, nor verifiable. Correos, in the hands of the PSOE. The Fixer at the helm. And you thinking you were voting freely. Vote buying, impersonations, and a system tailored to whoever's in charge. https:// eldistrito.es/guillermo-roca fort-denuncia-voto-por-correo-en-espana-vulnera-normativa-europea-pone-riesgo-democracia/ ... @GuillermoRocaf1 @El_Distrito @Espanaesnuestra","1245","64","2009","1979591085371380105","2025-10-18T16:51:08.000Z","K2Maskedos","+k2","Sólo he votado una vez por correo y pude ver claramente que no existe ninguna garantía y cuando fui presidente de una mesa lo que vi fue todavía peor, muchas personas podían cambiar los sobres antes de ser introducidos en la urna.","0.0","False","","","","unknown",""
"https://x.com/laquefaltaba10/status/1979497091610108387","reply","replies","1979497091610108387","2025-10-18T10:37:38.000Z","laquefaltaba10","La que faltaba","MAIL-IN VOTING: THE BACKDOOR TO ELECTION FRAUD Rocafort says it clearly: mail-in voting in Spain doesn't measure up to Europe. Neither secure, nor neutral, nor verifiable. Correos, in the hands of the PSOE. The Fixer at the helm. And you thinking you were voting freely. Vote buying, impersonations, and a system tailored to whoever's in charge. https:// eldistrito.es/guillermo-roca fort-denuncia-voto-por-correo-en-espana-vulnera-normativa-europea-pone-riesgo-democracia/ ... @GuillermoRocaf1 @El_Distrito @Espanaesnuestra","1245","64","2009","1979831010847342923","2025-10-19T08:44:31.000Z","Angelessanrroma","San Román","Cuidadito con el voto en las zonas rurales muy deshabitadas ,no hay ningún control ,hay personas que llevan los votos de ancianos en su propio coche pucherazo total.","0.0","False","","","","fake_candidate","fake_regex"
"https://x.com/laquefaltaba10/status/1979497091610108387","reply","replies","1979497091610108387","2025-10-18T10:37:38.000Z","laquefaltaba10","La que faltaba","MAIL-IN VOTING: THE BACKDOOR TO ELECTION FRAUD Rocafort says it clearly: mail-in voting in Spain doesn't measure up to Europe. Neither secure, nor neutral, nor verifiable. Correos, in the hands of the PSOE. The Fixer at the helm. And you thinking you were voting freely. Vote buying, impersonations, and a system tailored to whoever's in charge. https:// eldistrito.es/guillermo-roca fort-denuncia-voto-por-correo-en-espana-vulnera-normativa-europea-pone-riesgo-democracia/ ... @GuillermoRocaf1 @El_Distrito @Espanaesnuestra","1245","64","2009","1979956099328487810","2025-10-19T17:01:34.000Z","Curricu1973","Corcu","Correos no es fiable. Si cambió la urna con los suyos, que no hará en España","0.2","False","","","","unknown",""
"https://x.com/laquefaltaba10/status/1979497091610108387","reply","replies","1979497091610108387","2025-10-18T10:37:38.000Z","laquefaltaba10","La que faltaba","MAIL-IN VOTING: THE BACKDOOR TO ELECTION FRAUD Rocafort says it clearly: mail-in voting in Spain doesn't measure up to Europe. Neither secure, nor neutral, nor verifiable. Correos, in the hands of the PSOE. The Fixer at the helm. And you thinking you were voting freely. Vote buying, impersonations, and a system tailored to whoever's in charge. https:// eldistrito.es/guillermo-roca fort-denuncia-voto-por-correo-en-espana-vulnera-normativa-europea-pone-riesgo-democracia/ ... @GuillermoRocaf1 @El_Distrito @Espanaesnuestra","1245","64","2009","1979777317049401821","2025-10-19T05:11:09.000Z","lolaandaluza","Lola Andaluza","Pucherazo electoral Cuando la oposición pp-vox denunciara a indra y pedirá medidas para que Indra no participe en las elecciones","0.0","False","","","","fake_candidate","fake_regex"
"https://x.com/laquefaltaba10/status/1979497091610108387","reply","replies","1979497091610108387","2025-10-18T10:37:38.000Z","laquefaltaba10","La que faltaba","MAIL-IN VOTING: THE BACKDOOR TO ELECTION FRAUD Rocafort says it clearly: mail-in voting in Spain doesn't measure up to Europe. Neither secure, nor neutral, nor verifiable. Correos, in the hands of the PSOE. The Fixer at the helm. And you thinking you were voting freely. Vote buying, impersonations, and a system tailored to whoever's in charge. https:// eldistrito.es/guillermo-roca fort-denuncia-voto-por-correo-en-espana-vulnera-normativa-europea-pone-riesgo-democracia/ ... @GuillermoRocaf1 @El_Distrito @Espanaesnuestra","1245","64","2009","1979742367482790331","2025-10-19T02:52:16.000Z","laranarene7933","Sergio","Voto por correo = Fraude Voto electrónico = Fraude Indra = Fraude Smarmatic = Fraude PSOE = Fraude PP = Fraude.","0.2","False","","","","fake_candidate","fake_regex"
"https://x.com/laquefaltaba10/status/1979497091610108387","reply","replies","1979497091610108387","2025-10-18T10:37:38.000Z","laquefaltaba10","La que faltaba","MAIL-IN VOTING: THE BACKDOOR TO ELECTION FRAUD Rocafort says it clearly: mail-in voting in Spain doesn't measure up to Europe. Neither secure, nor neutral, nor verifiable. Correos, in the hands of the PSOE. The Fixer at the helm. And you thinking you were voting freely. Vote buying, impersonations, and a system tailored to whoever's in charge. https:// eldistrito.es/guillermo-roca fort-denuncia-voto-por-correo-en-espana-vulnera-normativa-europea-pone-riesgo-democracia/ ... @GuillermoRocaf1 @El_Distrito @Espanaesnuestra","1245","64","2009","1979835016134918494","2025-10-19T09:00:26.000Z","manuel_palao_l","Manuel Palao","Se avecinan pucheraz...digo... ¡elecciones... éso, elecciones! #PSOECorrupción #SánchezCorrupción","0.0","False","","","","unknown",""
"https://x.com/laquefaltaba10/status/1979497091610108387","reply","replies","1979497091610108387","2025-10-18T10:37:38.000Z","laquefaltaba10","La que faltaba","MAIL-IN VOTING: THE BACKDOOR TO ELECTION FRAUD Rocafort says it clearly: mail-in voting in Spain doesn't measure up to Europe. Neither secure, nor neutral, nor verifiable. Correos, in the hands of the PSOE. The Fixer at the helm. And you thinking you were voting freely. Vote buying, impersonations, and a system tailored to whoever's in charge. https:// eldistrito.es/guillermo-roca fort-denuncia-voto-por-correo-en-espana-vulnera-normativa-europea-pone-riesgo-democracia/ ... @GuillermoRocaf1 @El_Distrito @Espanaesnuestra","1245","64","2009","1979763090771296559","2025-10-19T04:14:37.000Z","LletroSergi","sergi garcia alvarez","Pucherazo","0.0","False","","","","fake_candidate","fake_regex"
"https://x.com/laquefaltaba10/status/1979497091610108387","reply","replies","1979497091610108387","2025-10-18T10:37:38.000Z","laquefaltaba10","La que faltaba","MAIL-IN VOTING: THE BACKDOOR TO ELECTION FRAUD Rocafort says it clearly: mail-in voting in Spain doesn't measure up to Europe. Neither secure, nor neutral, nor verifiable. Correos, in the hands of the PSOE. The Fixer at the helm. And you thinking you were voting freely. Vote buying, impersonations, and a system tailored to whoever's in charge. https:// eldistrito.es/guillermo-roca fort-denuncia-voto-por-correo-en-espana-vulnera-normativa-europea-pone-riesgo-democracia/ ... @GuillermoRocaf1 @El_Distrito @Espanaesnuestra","1245","64","2009","1979956241716646183","2025-10-19T17:02:08.000Z","Bok3Ron84","Bo₭3ЯꝋꞥVR®","the back door of the pucherazo says ...... when you have to vote and you're on vacation or away, see if it would bother you if they forced you to go to school to vote .......","0.4","False","","","","fake_candidate","fake_regex"
"https://x.com/laquefaltaba10/status/1979497091610108387","reply","replies","1979497091610108387","2025-10-18T10:37:38.000Z","laquefaltaba10","La que faltaba","MAIL-IN VOTING: THE BACKDOOR TO ELECTION FRAUD Rocafort says it clearly: mail-in voting in Spain doesn't measure up to Europe. Neither secure, nor neutral, nor verifiable. Correos, in the hands of the PSOE. The Fixer at the helm. And you thinking you were voting freely. Vote buying, impersonations, and a system tailored to whoever's in charge. https:// eldistrito.es/guillermo-roca fort-denuncia-voto-por-correo-en-espana-vulnera-normativa-europea-pone-riesgo-democracia/ ... @GuillermoRocaf1 @El_Distrito @Espanaesnuestra","1245","64","2009","1979924212190998647","2025-10-19T14:54:52.000Z","Yowah2i","Yowah Esperance Bernstein","¿TRASERA??? La puerta delantera y principal y más grande que la puerta de la iglesia. En España las elecciones son un paripé.","0.0","False","","","","unknown",""
"https://x.com/GuillermoRocaf1/status/1977731127814005023","tweet","tweet","1977731127814005023","2025-10-13T13:40:19.000Z","GuillermoRocaf1","Guillermo Rocafort","#URGENT: The electoral SCRUTINY system of INDRA is ""DEFICIENT"" Read the 2022 OAS Electoral Audit Report, page 68 VERIFIED The #PROOF of the #RIGGING https:// scm.oas.org/pdfs/2025/CP52 255ECP.pdf ...","256","15","387","","","","","","","True","https://t.co/jmyA9HxhxF","","t.co","unknown",""
"https://x.com/GuillermoRocaf1/status/1977731127814005023","reply","replies","1977731127814005023","2025-10-13T13:40:19.000Z","GuillermoRocaf1","Guillermo Rocafort","#URGENT: The electoral SCRUTINY system of INDRA is ""DEFICIENT"" Read the 2022 OAS Electoral Audit Report, page 68 VERIFIED The #PROOF of the #RIGGING https:// scm.oas.org/pdfs/2025/CP52 255ECP.pdf ...","256","15","387","1977873478020645219","2025-10-13T23:05:58.000Z","Sofia67926381","Sofia","#PucherazoIndra","0.6000000000000001","False","","","","unknown",""
"https://x.com/SamV1543906/status/1976318179506032698","reply","replies","1976318179506032698","2025-10-09T16:05:46.000Z","SamV1543906","Sam X","United for electoral fraud. In 2026 the trap returns and plays","655","54","896","1976665343943942228","2025-10-10T15:05:17.000Z","8qhpq5cyxg","Eugenio Parra","Si hacen fraude electoral,los colocamos en el escaneo público, con sus agravantes.","0.0","False","","","","fake_candidate","fake_regex"
"https://x.com/SamV1543906/status/1976318179506032698","reply","replies","1976318179506032698","2025-10-09T16:05:46.000Z","SamV1543906","Sam X","United for electoral fraud. In 2026 the trap returns and plays","655","54","896","1976948997458899315","2025-10-11T09:52:25.000Z","Jorgehi19425539","Jorge hidalgo","Van a tratar de robar las elecciones como estaban acostumbrados pero no lo van a lograr esas ratas miserables.","0.6000000000000001","False","","","","unknown",""
"https://x.com/SamV1543906/status/1976318179506032698","reply","replies","1976318179506032698","2025-10-09T16:05:46.000Z","SamV1543906","Sam X","United for electoral fraud. In 2026 the trap returns and plays","655","54","896","1976854651342667945","2025-10-11T03:37:31.000Z","jobemofa","jose bernardo mora","Los delincuentes que manipulan las elecciones","0.0","False","","","","unknown",""
"https://x.com/SamV1543906/status/1976318179506032698","reply","replies","1976318179506032698","2025-10-09T16:05:46.000Z","SamV1543906","Sam X","United for electoral fraud. In 2026 the trap returns and plays","655","54","896","1976664820658401613","2025-10-10T15:03:12.000Z","ferdiazdiaz2000","Fer Díaz Díaz","El que cuenta los votos ... gana las elecciones","0.2","False","","","","unknown",""
"https://x.com/SamV1543906/status/1976318179506032698","reply","replies","1976318179506032698","2025-10-09T16:05:46.000Z","SamV1543906","Sam X","United for electoral fraud. In 2026 the trap returns and plays","655","54","896","1976440873736093967","2025-10-10T00:13:19.000Z","Hernand09064134","Hernando","Claro bandidos petristas como ya saben que están perdidos entonces ya están manifestando que es fraude electoral, pero les digo petristas vayan alistando las maletas","0.6000000000000001","False","","","","fake_candidate","fake_regex"
"https://x.com/acastagne/status/1976854902396928277","tweet","tweet","1976854902396928277","2025-10-11T03:38:31.000Z","acastagne","Arturo Castagné Couturier","The missing link in the biggest and most important fraud in the history of our country has a name and surname, it's called Norma Rocío Nahle García @rocionahle !!!","2901","64","5720","","","","","","","False","","","","unknown",""
"https://x.com/AndVilla1/status/1979217185986765154","tweet","tweet","1979217185986765154","2025-10-15T19:00:56.000Z","AndVilla1","Andrés Villavicencio","“Democratically elected governments” Hahahahahaha... The CNE has been violating the law for 446 days by refusing to publish the detailed results. They only read an impossible-to-audit napkin. That’s the depraved level of fraud from Chavismo. Everything that happens will be solely and exclusively because the dictatorship decided to steal the proven victory of President-elect Edmundo González. https:// resultadosconvzla.com","308","18","1098","","","","","","","True","https://t.co/HfGdK5xVFw","","t.co","unknown",""
"https://x.com/AndVilla1/status/1979217185986765154","reply","replies","1979217185986765154","2025-10-15T19:00:56.000Z","AndVilla1","Andrés Villavicencio","“Democratically elected governments” Hahahahahaha... The CNE has been violating the law for 446 days by refusing to publish the detailed results. They only read an impossible-to-audit napkin. That’s the depraved level of fraud from Chavismo. Everything that happens will be solely and exclusively because the dictatorship decided to steal the proven victory of President-elect Edmundo González. https:// resultadosconvzla.com","308","18","1098","1979274784501305530","2025-10-17T19:54:16.000Z","Angelh49","Angel","Democráticamente ganó Edmundo González Urrutia, esa gente que ostentan posición de poder son ilegales que hicieron fraude, seguido de golpe de estado","0.2","False","","","","fake_candidate","fake_regex"
"https://x.com/AndVilla1/status/1979217185986765154","reply","replies","1979217185986765154","2025-10-15T19:00:56.000Z","AndVilla1","Andrés Villavicencio","“Democratically elected governments” Hahahahahaha... The CNE has been violating the law for 446 days by refusing to publish the detailed results. They only read an impossible-to-audit napkin. That’s the depraved level of fraud from Chavismo. Everything that happens will be solely and exclusively because the dictatorship decided to steal the proven victory of President-elect Edmundo González. https:// resultadosconvzla.com","308","18","1098","1979356343070052401","2025-10-18T01:18:21.000Z","aniscartujopapi","Venezuelan Badness Sr メ0","Te quedas corto hermano, el chavismo lleva haciendo fraude electoral desde que está en el poder","0.2","False","","","","fake_candidate","fake_regex"
"https://x.com/Franxuh_/status/1979522438124732923","tweet","tweet","1979522438124732923","2025-10-18T12:18:21.000Z","Franxuh_","franxuh","FRAUDE ELECTORAL","653","83","1536","","","","","","","False","","","","fake_candidate","fake_regex"
"https://x.com/Franxuh_/status/1979522438124732923","reply","replies","1979522438124732923","2025-10-18T12:18:21.000Z","Franxuh_","franxuh","FRAUDE ELECTORAL","653","83","1536","1979868489365197299","2025-10-19T11:13:26.000Z","JuanjoDemocrata","Juanjo Demócrata","Lo de Fraude en Venezuela lo llevan utilizando desde hace 25 años","0.0","False","","","","fake_candidate","fake_regex"
"https://x.com/Franxuh_/status/1979522438124732923","reply","replies","1979522438124732923","2025-10-18T12:18:21.000Z","Franxuh_","franxuh","FRAUDE ELECTORAL","653","83","1536","1979878541715275815","2025-10-19T11:53:23.000Z","elsisifofeliz","tortuga","En realidad Indra solo hace el recuento provincial. Pero no tiene efecto, el recuento de actas real es 100% gestión pública. Y es el que cuenta.","0.0","False","","","","unknown",""
"https://x.com/Franxuh_/status/1979522438124732923","reply","replies","1979522438124732923","2025-10-18T12:18:21.000Z","Franxuh_","franxuh","FRAUDE ELECTORAL","653","83","1536","1979658135620214786","2025-10-18T21:17:34.000Z","odiadoratodo","odiadornato","And what is the solution, monster?","0.0","True","https://help.x.com/rules-and-policies/authenticity","","help.x.com","unknown",""
"https://x.com/Franxuh_/status/1979522438124732923","reply","replies","1979522438124732923","2025-10-18T12:18:21.000Z","Franxuh_","franxuh","FRAUDE ELECTORAL","653","83","1536","1979853791924269290","2025-10-19T10:15:02.000Z","DaniDani34205","Dani","Pero no ganó el PP las ultimas elecciones","0.6000000000000001","False","","","","unknown",""
"https://x.com/Franxuh_/status/1979522438124732923","reply","replies","1979522438124732923","2025-10-18T12:18:21.000Z","Franxuh_","franxuh","FRAUDE ELECTORAL","653","83","1536","1979948459584074058","2025-10-19T16:31:13.000Z","despistao84","ahc_574","Otro charlatán con una teoría conspiranoica. Hay mucho hambriento de este tipo de discurso. Supongo que también se refiere a todas las elecciones en las que ha ganado PPVox.","0.4","False","","","","unknown",""
"https://x.com/Franxuh_/status/1979522438124732923","reply","replies","1979522438124732923","2025-10-18T12:18:21.000Z","Franxuh_","franxuh","FRAUDE ELECTORAL","653","83","1536","1979879444425871689","2025-10-19T11:56:58.000Z","Boira__","Boira","El fraude en España me lo puedes documentar?","0.0","False","","","","fake_candidate","fake_regex"
"https://x.com/GuillermoRocaf1/status/1979843115704779037","reply","replies","1979843115704779037","2025-10-19T09:32:37.000Z","GuillermoRocaf1","Guillermo Rocafort","HIGH RISK OF BALLOT BOX STUFFING BY INDRA ACCORDING TO THE MINISTRY OF FOREIGN AFFAIRS According to the ELECTORAL OBSERVATION GUIDE of the Spanish Ministry of Foreign Affairs, the HIGH RISK OF BALLOT BOX STUFFING by INDRA in the Spanish elections occurs during the COMPUTATION / AGGREGATION of the votes in its computer system This process in Spain is NOT observed by national and international observers in a complete manner nor is it audited, with INDRA's provisional scrutiny being approved just a few minutes after the polling stations are closed. NOTE that the GUIDE states that this computation / aggregation process would last all night (that's why it warns observers that they will be working very late into the night) The GUIDE is unequivocal; it is here where there is a very high risk of manipulation and falsification of the results, because moreover the electoral MINUTES in Spain are NOT published immediately, preventing the search for differences and inconsistencies between those minutes from the polling stations and electoral boards and INDRA's provisional scrutiny The context is one of HIGH RISK OF BALLOT BOX STUFFING due to the absence of control over INDRA's functions, a company controlled by the @PSOE of @sanchezcastejon Is there still anyone in Spain who believes that BALLOT BOX STUFFING is impossible?","485","17","642","1980025752977379427","2025-10-19T21:38:21.000Z","BaneadoMike","Mike Calambre Baneado","Si lo mas grande es q después, a los 3 días no se suman ni se cuentan las actas en los juzgados. Lo q diga Indra va a misa","0.0","False","","","","unknown",""
"https://x.com/GuillermoRocaf1/status/1979843115704779037","reply","replies","1979843115704779037","2025-10-19T09:32:37.000Z","GuillermoRocaf1","Guillermo Rocafort","HIGH RISK OF BALLOT BOX STUFFING BY INDRA ACCORDING TO THE MINISTRY OF FOREIGN AFFAIRS According to the ELECTORAL OBSERVATION GUIDE of the Spanish Ministry of Foreign Affairs, the HIGH RISK OF BALLOT BOX STUFFING by INDRA in the Spanish elections occurs during the COMPUTATION / AGGREGATION of the votes in its computer system This process in Spain is NOT observed by national and international observers in a complete manner nor is it audited, with INDRA's provisional scrutiny being approved just a few minutes after the polling stations are closed. NOTE that the GUIDE states that this computation / aggregation process would last all night (that's why it warns observers that they will be working very late into the night) The GUIDE is unequivocal; it is here where there is a very high risk of manipulation and falsification of the results, because moreover the electoral MINUTES in Spain are NOT published immediately, preventing the search for differences and inconsistencies between those minutes from the polling stations and electoral boards and INDRA's provisional scrutiny The context is one of HIGH RISK OF BALLOT BOX STUFFING due to the absence of control over INDRA's functions, a company controlled by the @PSOE of @sanchezcastejon Is there still anyone in Spain who believes that BALLOT BOX STUFFING is impossible?","485","17","642","1980025905842970953","2025-10-19T21:38:57.000Z","AntonioRuizAlb1","AralbaR+C","No existe riesgo alguno de pucherazo. El pucherazo ha estado asegurado desde el primer día de ésta ilusión de democracia. No es de ahora.","0.2","False","","","","fake_candidate","fake_regex"
"https://x.com/GuillermoRocaf1/status/1979498720052814201","reply","replies","1979498720052814201","2025-10-18T10:44:06.000Z","GuillermoRocaf1","Guillermo Rocafort","SUSPECTS OF RIGGING IN THE TRANSMISSION OF ELECTORAL RESULTS BY INDRA According to the Venice Commission of 2002 (European standards for clean elections), the Transmission of electoral data is a possible avenue for #RIGGING (see extract) To avoid it, it is essential: -No urgency in reporting on provisional counts -Electoral results must be transmitted by the president of the polling station together with the representatives of the opposition parties -Pay close attention to the transmission of electoral data -The transmission of data should be public -The transmitted vote data must be published once transmitted -Convey to the public that the first counts can vary greatly from the final ones CONCLUSION: none of these guidelines are met in Spain Why? It is evident that the transmission of electoral data by INDRA in Spain DOES NOT comply with the Venice Commission guidelines #RIGGING in the Transmission of Data?","247","11","357","1979815053152149793","2025-10-19T07:41:06.000Z","BodelonCelia","Celia Bodelon","Dejar las Actas pegadas en el exterior de la puerta del Colegio Electoral dukrantke dos dias..tampoco","0.0","False","","","","unknown",""
"https://x.com/QuotesforGoal/status/1978990568395972816","reply","replies","1978990568395972816","2025-10-17T01:04:54.000Z","QuotesforGoal","Libertario","""Socialism has been the greatest intellectual fraud of the 20th century"" Mario Vargas Llosa","3956","487","12370","1979197673870709061","2025-10-17T14:47:51.000Z","marccbg","Marc_itos","Hablando de fraude...","0.0","False","","","","fake_candidate","fake_regex"
"https://x.com/GuillermoRocaf1/status/1978014341627527635","tweet","tweet","1978014341627527635","2025-10-14T08:25:43.000Z","GuillermoRocaf1","Guillermo Rocafort","Hola Marlaska @interiorgob YOU MUST MAKE PUBLIC - The AUDIT REPORTS of the 2023 Elections. - The Crashes of the SCRUTINY website. - The INCIDENTS, the DRILLS and the TESTS of the Contingency Plan for said Elections. The #PUCHERAZO of INDRA","2147","44","3514","","","","","","","False","","","","fake_candidate","fake_regex"
"https://x.com/GuillermoRocaf1/status/1978014341627527635","reply","replies","1978014341627527635","2025-10-14T08:25:43.000Z","GuillermoRocaf1","Guillermo Rocafort","Hola Marlaska @interiorgob YOU MUST MAKE PUBLIC - The AUDIT REPORTS of the 2023 Elections. - The Crashes of the SCRUTINY website. - The INCIDENTS, the DRILLS and the TESTS of the Contingency Plan for said Elections. The #PUCHERAZO of INDRA","2147","44","3514","1978048288546021859","2025-10-14T10:40:37.000Z","GuillermoRocaf1","Guillermo Rocafort","They know about the PUCHERAZO and do nothing about it","0.2","False","","","","fake_candidate","fake_regex"
"https://x.com/GuillermoRocaf1/status/1978014341627527635","reply","replies","1978014341627527635","2025-10-14T08:25:43.000Z","GuillermoRocaf1","Guillermo Rocafort","Hola Marlaska @interiorgob YOU MUST MAKE PUBLIC - The AUDIT REPORTS of the 2023 Elections. - The Crashes of the SCRUTINY website. - The INCIDENTS, the DRILLS and the TESTS of the Contingency Plan for said Elections. The #PUCHERAZO of INDRA","2147","44","3514","1978051859412558108","2025-10-14T10:54:48.000Z","CorajeEspana","Coraje España","Hello @vox_es @Capitana_espana Hello everyone. This whole #PucherazoINDRA thing they must already be implementing for 2027. Censuses, databases, system outages. We need auditors and for this to get moving. Don't give up on the effort. You are the spearhead #VivaEspaña #VivaVOX","0.0","False","","","","unknown",""
"https://x.com/GuillermoRocaf1/status/1978014341627527635","reply","replies","1978014341627527635","2025-10-14T08:25:43.000Z","GuillermoRocaf1","Guillermo Rocafort","Hola Marlaska @interiorgob YOU MUST MAKE PUBLIC - The AUDIT REPORTS of the 2023 Elections. - The Crashes of the SCRUTINY website. - The INCIDENTS, the DRILLS and the TESTS of the Contingency Plan for said Elections. The #PUCHERAZO of INDRA","2147","44","3514","1978347532913615258","2025-10-15T06:29:42.000Z","AnamKra","Lupe Juliá","5.290 million for INDRA approved yesterday in the Council of Traitors of La Moncloa... And there's more. @PabloCamPiq explains it","0.0","True","https://t.co/4hNyLtRrdE","","t.co","unknown",""
"https://x.com/GuillermoRocaf1/status/1978014341627527635","reply","replies","1978014341627527635","2025-10-14T08:25:43.000Z","GuillermoRocaf1","Guillermo Rocafort","Hola Marlaska @interiorgob YOU MUST MAKE PUBLIC - The AUDIT REPORTS of the 2023 Elections. - The Crashes of the SCRUTINY website. - The INCIDENTS, the DRILLS and the TESTS of the Contingency Plan for said Elections. The #PUCHERAZO of INDRA","2147","44","3514","1978167055049203846","2025-10-14T18:32:33.000Z","El_As_del_legon","Jolín","Lo malo es que la oposición se tragó el pucherazo sin rechistar.","0.0","False","","","","fake_candidate","fake_regex"
"https://x.com/GuillermoRocaf1/status/1978014341627527635","reply","replies","1978014341627527635","2025-10-14T08:25:43.000Z","GuillermoRocaf1","Guillermo Rocafort","Hola Marlaska @interiorgob YOU MUST MAKE PUBLIC - The AUDIT REPORTS of the 2023 Elections. - The Crashes of the SCRUTINY website. - The INCIDENTS, the DRILLS and the TESTS of the Contingency Plan for said Elections. The #PUCHERAZO of INDRA","2147","44","3514","1978167140705341813","2025-10-14T18:32:53.000Z","jaeg1970","Juan Antonio","Que manera de hacer pucherazo cuando pierdes en votantes las elecciones . Si es que cuando un tonto pilla una linde","0.2","False","","","","fake_candidate","fake_regex"
"https://x.com/GuillermoRocaf1/status/1978014341627527635","reply","replies","1978014341627527635","2025-10-14T08:25:43.000Z","GuillermoRocaf1","Guillermo Rocafort","Hola Marlaska @interiorgob YOU MUST MAKE PUBLIC - The AUDIT REPORTS of the 2023 Elections. - The Crashes of the SCRUTINY website. - The INCIDENTS, the DRILLS and the TESTS of the Contingency Plan for said Elections. The #PUCHERAZO of INDRA","2147","44","3514","1978201547885404559","2025-10-14T20:49:36.000Z","maiteluna73","MARIA TERESA LUNA","Y el que se viene. Si hay elecciones","0.2","False","","","","unknown",""
"https://x.com/GuillermoRocaf1/status/1978014341627527635","reply","replies","1978014341627527635","2025-10-14T08:25:43.000Z","GuillermoRocaf1","Guillermo Rocafort","Hola Marlaska @interiorgob YOU MUST MAKE PUBLIC - The AUDIT REPORTS of the 2023 Elections. - The Crashes of the SCRUTINY website. - The INCIDENTS, the DRILLS and the TESTS of the Contingency Plan for said Elections. The #PUCHERAZO of INDRA","2147","44","3514","1978493173061059003","2025-10-15T16:08:25.000Z","Sofia67926381","Sofia","#PucherazoINDRA","0.6000000000000001","False","","","","unknown",""
"https://x.com/GuillermoRocaf1/status/1978014341627527635","reply","replies","1978014341627527635","2025-10-14T08:25:43.000Z","GuillermoRocaf1","Guillermo Rocafort","Hola Marlaska @interiorgob YOU MUST MAKE PUBLIC - The AUDIT REPORTS of the 2023 Elections. - The Crashes of the SCRUTINY website. - The INCIDENTS, the DRILLS and the TESTS of the Contingency Plan for said Elections. The #PUCHERAZO of INDRA","2147","44","3514","1978060035101003853","2025-10-14T11:27:17.000Z","Antonio52021598","Antonio Hdez","cuando INDRA dio la victoria a Rajoy ahi no hubo pucherazo?","0.6000000000000001","False","","","","fake_candidate","fake_regex"
"https://x.com/GuillermoRocaf1/status/1978014341627527635","reply","replies","1978014341627527635","2025-10-14T08:25:43.000Z","GuillermoRocaf1","Guillermo Rocafort","Hola Marlaska @interiorgob YOU MUST MAKE PUBLIC - The AUDIT REPORTS of the 2023 Elections. - The Crashes of the SCRUTINY website. - The INCIDENTS, the DRILLS and the TESTS of the Contingency Plan for said Elections. The #PUCHERAZO of INDRA","2147","44","3514","1978195114812997964","2025-10-14T20:24:03.000Z","wangtunfrito","Ciudadano Krítico","Bien hecho Guillermo. Fue un fraude y quieren repetirlo pero a lo grande.","0.0","False","","","","fake_candidate","fake_regex"
"https://x.com/GuillermoRocaf1/status/1978014341627527635","reply","replies","1978014341627527635","2025-10-14T08:25:43.000Z","GuillermoRocaf1","Guillermo Rocafort","Hola Marlaska @interiorgob YOU MUST MAKE PUBLIC - The AUDIT REPORTS of the 2023 Elections. - The Crashes of the SCRUTINY website. - The INCIDENTS, the DRILLS and the TESTS of the Contingency Plan for said Elections. The #PUCHERAZO of INDRA","2147","44","3514","1978161195291984233","2025-10-14T18:09:16.000Z","lydiapanter","Lydia Martín","¿Que pucherazo ? Las elecciones las ganó el PP y fue incapaz de formar gobierno , gobierna en 13 Comunidades autónomas (algunas con VOX) ¿fueron ellos los que hicieron el pucherazo?","0.0","False","","","","fake_candidate","fake_regex"
"https://x.com/GuillermoRocaf1/status/1979848200199553253","reply","replies","1979848200199553253","2025-10-19T09:52:49.000Z","GuillermoRocaf1","Guillermo Rocafort","#EXCLUSIVE: first MAP of the ELECTORAL FRAUD in SPAIN segmented by FRAUD TECHNIQUES (high-risk areas marked) The highest Risk area is that of INDRA, the company that aggregates and computerizes the votes and also engages in enjoying by appointment the highest State contracts and selling arms to promote wars Does anyone still doubt the ELECTORAL FRAUD and its motives?","626","30","900","1980029610906812741","2025-10-19T21:53:41.000Z","urkyland","urky","Y ahora que seguiran a pucherazos gobernando?nadie hara nada?","0.0","False","","","","unknown",""
"https://x.com/pabloharour/status/1978728869826806094","tweet","tweet","1978728869826806094","2025-10-16T07:45:00.000Z","pabloharour","Pablo Haro Urquízar","SURPRISE JUMP The leader of the healthcare tide against Moreno Bonilla was a high-ranking official of the PSOE and charged with fraud","2442","170","4996","","","","","","","True","https://t.co/wkTGixT87f","","t.co","unknown",""
"https://x.com/atlanticsurff/status/1979142524095660252","tweet","tweet","1979142524095660252","2025-10-17T11:08:43.000Z","atlanticsurff","Diego Álzaga Unzué","See how from the channel of the imprisoned Cristina Kirchner, the “journalist” Diego Brancatelli commits a crime. That's how he incites electoral fraud. What filth he is.","2421","760","6643","","","","","","","False","","","","unknown",""
"https://x.com/GuillermoRocaf1/status/1978749981193290107","reply","replies","1978749981193290107","2025-10-16T09:08:53.000Z","GuillermoRocaf1","Guillermo Rocafort","#ALERT SHOCKER: MAIL-IN VOTING IN SPAIN SHOULD BE BANNED ACCORDING TO EUROPEAN REGULATIONS DUE TO FRAUD RISK Spain is failing to comply with the Recommendations on MAIL-IN VOTING included in the Code of Good Electoral Practices of the Venice Commission. SEE Mail-in voting should only be authorized if it were SAFE AND RELIABLE, which DOES NOT happen in Spain because: - The @PSOE has occupied the executive positions at @CORREOS to manipulate their votes, as we know with Leire the Plumber, proxy of Correos in the management of Mail-in Voting, and the President of Correos, chosen for the position due to his friendship with @sanchezcastejon - There have already been many cases of mail-in vote buying at the hands of the @PSOE (for example, Melilla) - The secure identification system in mail-in voting has not worked well in Spain - Pedro Sánchez has suspiciously promoted mail-in voting over in-person voting The existence of MAIL FRAUD in Spain is evident, so this voting method should be eliminated, in accordance with European regulations","419","15","617","1979085999725486231","2025-10-17T07:24:06.000Z","MaraOjiplatica","LaMara","The pucherazo is always or only when the PSOE wins. In the last general elections, the PP got a higher number of votes. I understand that you are accusing the PP of electoral fraud.","0.0","False","","","","fake_candidate","fake_regex"
"https://x.com/GuillermoRocaf1/status/1978749981193290107","reply","replies","1978749981193290107","2025-10-16T09:08:53.000Z","GuillermoRocaf1","Guillermo Rocafort","#ALERT SHOCKER: MAIL-IN VOTING IN SPAIN SHOULD BE BANNED ACCORDING TO EUROPEAN REGULATIONS DUE TO FRAUD RISK Spain is failing to comply with the Recommendations on MAIL-IN VOTING included in the Code of Good Electoral Practices of the Venice Commission. SEE Mail-in voting should only be authorized if it were SAFE AND RELIABLE, which DOES NOT happen in Spain because: - The @PSOE has occupied the executive positions at @CORREOS to manipulate their votes, as we know with Leire the Plumber, proxy of Correos in the management of Mail-in Voting, and the President of Correos, chosen for the position due to his friendship with @sanchezcastejon - There have already been many cases of mail-in vote buying at the hands of the @PSOE (for example, Melilla) - The secure identification system in mail-in voting has not worked well in Spain - Pedro Sánchez has suspiciously promoted mail-in voting over in-person voting The existence of MAIL FRAUD in Spain is evident, so this voting method should be eliminated, in accordance with European regulations","419","15","617","1979063233525727513","2025-10-17T05:53:38.000Z","Jav646","javi javis","Se te pasó poner las fechas que pusieron la elecciones, en plenas vacaciones de verano, para asegurarse un gran número de votos por correos .","0.2","False","","","","unknown",""
"https://x.com/TugoNews/status/1979920880986710146","reply","replies","1979920880986710146","2025-10-19T14:41:37.000Z","TugoNews","TUGO News","ELECTORAL FRAUD Milei prepared the biggest electoral fraud in recent times, to be able to show Trump that he ""won"", the government wants to alter the scrutiny and count the votes of Peronism SEPARATELY to make it seem like we got a lower percentage","997","577","3289","1979978715380457706","2025-10-19T18:31:26.000Z","mazito95","Maxi","Eso no es fraude pelotudo, hubieran presentado el mismo sello en todos lados","0.2","False","","","","fake_candidate","fake_regex"
"https://x.com/TugoNews/status/1979920880986710146","reply","replies","1979920880986710146","2025-10-19T14:41:37.000Z","TugoNews","TUGO News","ELECTORAL FRAUD Milei prepared the biggest electoral fraud in recent times, to be able to show Trump that he ""won"", the government wants to alter the scrutiny and count the votes of Peronism SEPARATELY to make it seem like we got a lower percentage","997","577","3289","1979924958949134339","2025-10-19T14:57:50.000Z","donabrahan3","Donabrahan3","El fraude está en marcha ,ministerio de capital humano, maneja 3.000.000 de planes sociale que le sacaron a los piqueteros , están obligados a ir a votar sacarle una foto a la boleta y mandarla a un whatsap con el número de documento de no hacerlo les sacan los $600.000 del plan","0.2","False","","","","fake_candidate","fake_regex"
"https://x.com/TugoNews/status/1979920880986710146","reply","replies","1979920880986710146","2025-10-19T14:41:37.000Z","TugoNews","TUGO News","ELECTORAL FRAUD Milei prepared the biggest electoral fraud in recent times, to be able to show Trump that he ""won"", the government wants to alter the scrutiny and count the votes of Peronism SEPARATELY to make it seem like we got a lower percentage","997","577","3289","1980003562080841763","2025-10-19T20:10:10.000Z","Fereze","Fer","Halemos de fraude","0.0","False","","","","fake_candidate","fake_regex"
"https://x.com/TugoNews/status/1979920880986710146","reply","replies","1979920880986710146","2025-10-19T14:41:37.000Z","TugoNews","TUGO News","ELECTORAL FRAUD Milei prepared the biggest electoral fraud in recent times, to be able to show Trump that he ""won"", the government wants to alter the scrutiny and count the votes of Peronism SEPARATELY to make it seem like we got a lower percentage","997","577","3289","1979965712614461829","2025-10-19T17:39:46.000Z","FedericoGrau4","Federico Grau","Con esa Lógica que le cuenten a la Libertad Avanza los Votos de López Murphy, Talerico, Los Radicales, Republicanos y todos los antiperonistas para que no sea ""Fraude""","0.2","False","","","","fake_candidate","fake_regex"
"https://x.com/TugoNews/status/1979920880986710146","reply","replies","1979920880986710146","2025-10-19T14:41:37.000Z","TugoNews","TUGO News","ELECTORAL FRAUD Milei prepared the biggest electoral fraud in recent times, to be able to show Trump that he ""won"", the government wants to alter the scrutiny and count the votes of Peronism SEPARATELY to make it seem like we got a lower percentage","997","577","3289","1980030960910422452","2025-10-19T21:59:02.000Z","fabril","Latronizio","Jajaja Esa foto es del simulacro de escrutinio que se hizo la semana pasada para los apoderados y responsables técnicos de los partidos. Mira de lo que te tenés que agarrar para decir que hay fraude. Y la cantidad de Kukas que se la creyeron... Mamita...","0.0","False","","","","fake_candidate","fake_regex"
"https://x.com/TugoNews/status/1979920880986710146","reply","replies","1979920880986710146","2025-10-19T14:41:37.000Z","TugoNews","TUGO News","ELECTORAL FRAUD Milei prepared the biggest electoral fraud in recent times, to be able to show Trump that he ""won"", the government wants to alter the scrutiny and count the votes of Peronism SEPARATELY to make it seem like we got a lower percentage","997","577","3289","1980037182758006984","2025-10-19T22:23:46.000Z","verew13","Vere W","Eso no es fraude. En todo caso seria presenter información de manera sesgada. Fraude es que voten los muertos o roben boletas. Etc etc","0.2","False","","","","fake_candidate","fake_regex"
"https://x.com/TugoNews/status/1979920880986710146","reply","replies","1979920880986710146","2025-10-19T14:41:37.000Z","TugoNews","TUGO News","ELECTORAL FRAUD Milei prepared the biggest electoral fraud in recent times, to be able to show Trump that he ""won"", the government wants to alter the scrutiny and count the votes of Peronism SEPARATELY to make it seem like we got a lower percentage","997","577","3289","1979992190295196000","2025-10-19T19:24:59.000Z","diglossos","Adrian Olguin","Fraude, cómo la foto editada?","0.0","False","","","","fake_candidate","fake_regex"
"https://x.com/TugoNews/status/1979920880986710146","reply","replies","1979920880986710146","2025-10-19T14:41:37.000Z","TugoNews","TUGO News","ELECTORAL FRAUD Milei prepared the biggest electoral fraud in recent times, to be able to show Trump that he ""won"", the government wants to alter the scrutiny and count the votes of Peronism SEPARATELY to make it seem like we got a lower percentage","997","577","3289","1980020493928563184","2025-10-19T21:17:27.000Z","RerumNovarumXIV","Rerum Novarum","Question and Answer We'll see if they can bribe ""La Chuchi""","0.0","True","https://t.co/W2cooLzZBN","","t.co","unknown",""
"https://x.com/MiguelContigo/status/1977806014687678774","reply","replies","1977806014687678774","2025-10-13T18:37:54.000Z","MiguelContigo","MiguelÁngelRodríguez","THUS WAS BORN THE MOST DANGEROUS ELECTORAL FRAUD MACHINERY IN THE WORLD What has happened in Venezuela with the loss of independence of powers began after the arrival of Hugo Chávez to power in 1999. Our dear collaborator Estrella Infante ( @estrellainfant ) analyzes how the establishment of the so-called “Bolivarian revolution” not only affected the country, but has contaminated democracies around the world. To do so, they used several strategies, but one of the most effective was to inoculate the electoral systems of other countries with Smartmatic, the fraud factory that was born in Venezuela and today is synonymous with global electoral manipulation, becoming the most sophisticated and dangerous electoral fraud machinery of our era. To this day, Smartmatic is a transnational network that manipulates elections, weakens democracies, and serves as sustenance for the Venezuelan regime, but what seemed invincible reached its breaking point with the libertarian feat of July 28, 2024. Let us go back again to 1999, Chávez calls for a constituent process, which did not establish the magna carta of 1961, and tailors it to his measure. With only 52% of the votes, his movement obtained 94% of the seats, which allowed him to craft a Constitution that facilitated his seizure of all public powers. Since then, the vote ceased to be a mechanism of representation, to become a weapon of domination, which has sustained them in power for 26 years. To learn more, enter and subscribe to our YouTube channel","655","16","941","1977844881709035832","2025-10-13T21:12:21.000Z","Critiquero","kriti","This explanation is very good. We already know how the terrorists helped carry out electoral fraud, not only in Venezuela, but in several countries.","0.0","True","https://help.x.com/rules-and-policies/authenticity","","help.x.com","unknown",""
"https://x.com/ALVISEPEREZNEWS/status/1979088489451847721","reply","replies","1979088489451847721","2025-10-17T07:34:00.000Z","ALVISEPEREZNEWS","Alvise Pérez | Noticias","NEWS Eurodeputy Alvise Pérez exposes the scant interest that NOX has regarding electoral fraud. On one hand, they claim to be committed to defending the vote; on the other, they settle for filing complaints that will reach no harbor and are incapable of offering real alternatives. The problem is not just inaction, but ego. The personal resentment that Mr. Abascal Conde harbors toward Alvise Pérez prevents him from stepping forward, sitting down to dialogue, and seeking an agreement that benefits all Spaniards. His inability to overcome old grudges and sit down to talk demonstrates that for some leaders, personal interest still weighs more than the future of the country.","48","23","132","1979128969862525011","2025-10-17T10:14:51.000Z","salvamekofrade8","Radio Patio","Alvise...SE TE ACABO LA FIESTA, ACEPTALO y CENTRATE en temas JUDICIALES que parece ser vas a tener mas pronto que tarde....","0.2","True","https://t.co/AaGLqYDmnO","","t.co","unknown",""
"https://x.com/lagrima75/status/1977118005156102282","reply","replies","1977118005156102282","2025-10-11T21:04:00.000Z","lagrima75","Maria","If Begoña Gómez weren't the president's wife, there wouldn't be a case. But if Ayuso's boyfriend weren't Ayuso's boyfriend, there would still be fraud. That's the difference: one is a victim of a hoax, the other, the protagonist of a crime.","3401","1346","12058","1977285985432928705","2025-10-12T08:11:29.000Z","InesLorenzo","InesLorenzo","Reina, if Begoña Gómez weren't the wife of the president of the government, there wouldn't be a case because they wouldn't give a fucking shit about her, neither on http:// RED.es, nor at the Complutense, nor anywhere. You're doing her such a disservice with that","0.0","True","https://t.co/XMuDtRGr9b","","t.co","unknown",""
"https://x.com/AdrianaVeterin/status/1979678282309394613","reply","replies","1979678282309394613","2025-10-18T22:37:37.000Z","AdrianaVeterin","Adriana Martinez","CYNICAL MOTHERFUCKER The one who fills buses with tamales and roast pig for his events, and whose government buys votes in Congress with bribes, now asks the Police to prevent the buying of votes. The shamelessness of this bullshit-talker has no limits.","537","41","1199","1979977509790744654","2025-10-19T18:26:39.000Z","vania96590847","Edu.car","La compra de votos solo es potestad de Petro","0.6000000000000001","False","","","","fake_candidate","fake_regex"
"https://x.com/BetaniaTv/status/1978786461064589490","reply","replies","1978786461064589490","2025-10-16T11:33:51.000Z","BetaniaTv","Betania","POSTAL VOTE SCANDAL Postal voting in Spain should be prohibited according to European regulations, due to the risk of fraud. Spain breaches the Code of Good Practices in Electoral Matters of the Venice Commission, which only allows postal voting if it is secure and verifiable, and here it is not. - Correos is overrun by the PSOE: Leire “the Plumber” and the president, a friend of Sánchez, at the helm. - Cases of vote buying: Melilla, for example. - Failed identification in the postal system. - Sánchez, promoting postal voting as if it were salvation. Source | @GuillermoRocaf1","1358","84","2341","1978845337994362970","2025-10-16T15:27:48.000Z","BetaniaTv","Betania","Como dice Guillermo Rocafort es un fraude multifactorial","0.0","False","","","","fake_candidate","fake_regex"
"https://x.com/BetaniaTv/status/1978786461064589490","reply","replies","1978786461064589490","2025-10-16T11:33:51.000Z","BetaniaTv","Betania","POSTAL VOTE SCANDAL Postal voting in Spain should be prohibited according to European regulations, due to the risk of fraud. Spain breaches the Code of Good Practices in Electoral Matters of the Venice Commission, which only allows postal voting if it is secure and verifiable, and here it is not. - Correos is overrun by the PSOE: Leire “the Plumber” and the president, a friend of Sánchez, at the helm. - Cases of vote buying: Melilla, for example. - Failed identification in the postal system. - Sánchez, promoting postal voting as if it were salvation. Source | @GuillermoRocaf1","1358","84","2341","1978857662658781454","2025-10-16T16:16:46.000Z","BetaniaTv","Betania","Hay muchos, es un pucherazo multifactorial","0.0","False","","","","fake_candidate","fake_regex"
"https://x.com/BetaniaTv/status/1978786461064589490","reply","replies","1978786461064589490","2025-10-16T11:33:51.000Z","BetaniaTv","Betania","POSTAL VOTE SCANDAL Postal voting in Spain should be prohibited according to European regulations, due to the risk of fraud. Spain breaches the Code of Good Practices in Electoral Matters of the Venice Commission, which only allows postal voting if it is secure and verifiable, and here it is not. - Correos is overrun by the PSOE: Leire “the Plumber” and the president, a friend of Sánchez, at the helm. - Cases of vote buying: Melilla, for example. - Failed identification in the postal system. - Sánchez, promoting postal voting as if it were salvation. Source | @GuillermoRocaf1","1358","84","2341","1978806873915642307","2025-10-16T12:54:57.000Z","BetaniaTv","Betania","Lo mejor es votar presencialmente y asistir al escrutinio general","0.0","False","","","","unknown",""
"https://x.com/BetaniaTv/status/1978786461064589490","reply","replies","1978786461064589490","2025-10-16T11:33:51.000Z","BetaniaTv","Betania","POSTAL VOTE SCANDAL Postal voting in Spain should be prohibited according to European regulations, due to the risk of fraud. Spain breaches the Code of Good Practices in Electoral Matters of the Venice Commission, which only allows postal voting if it is secure and verifiable, and here it is not. - Correos is overrun by the PSOE: Leire “the Plumber” and the president, a friend of Sánchez, at the helm. - Cases of vote buying: Melilla, for example. - Failed identification in the postal system. - Sánchez, promoting postal voting as if it were salvation. Source | @GuillermoRocaf1","1358","84","2341","1978844696777515235","2025-10-16T15:25:15.000Z","BetaniaTv","Betania","Sí, ayudando al pucherazo","0.0","False","","","","fake_candidate","fake_regex"
"https://x.com/BetaniaTv/status/1978786461064589490","reply","replies","1978786461064589490","2025-10-16T11:33:51.000Z","BetaniaTv","Betania","POSTAL VOTE SCANDAL Postal voting in Spain should be prohibited according to European regulations, due to the risk of fraud. Spain breaches the Code of Good Practices in Electoral Matters of the Venice Commission, which only allows postal voting if it is secure and verifiable, and here it is not. - Correos is overrun by the PSOE: Leire “the Plumber” and the president, a friend of Sánchez, at the helm. - Cases of vote buying: Melilla, for example. - Failed identification in the postal system. - Sánchez, promoting postal voting as if it were salvation. Source | @GuillermoRocaf1","1358","84","2341","1978847631364300818","2025-10-16T15:36:55.000Z","IMaria84197","Friki Ando","Sin olvidar os lo de poner las elecciones , cuando todo el mundo estaba de vacaciones, para que tuviesen que votar antes por correo...","0.6000000000000001","False","","","","unknown",""
"https://x.com/BetaniaTv/status/1978786461064589490","reply","replies","1978786461064589490","2025-10-16T11:33:51.000Z","BetaniaTv","Betania","POSTAL VOTE SCANDAL Postal voting in Spain should be prohibited according to European regulations, due to the risk of fraud. Spain breaches the Code of Good Practices in Electoral Matters of the Venice Commission, which only allows postal voting if it is secure and verifiable, and here it is not. - Correos is overrun by the PSOE: Leire “the Plumber” and the president, a friend of Sánchez, at the helm. - Cases of vote buying: Melilla, for example. - Failed identification in the postal system. - Sánchez, promoting postal voting as if it were salvation. Source | @GuillermoRocaf1","1358","84","2341","1978858479956664700","2025-10-16T16:20:01.000Z","BetaniaTv","Betania","Exacto, eso es la planificación del pucherazo","0.0","False","","","","fake_candidate","fake_regex"
"https://x.com/BetaniaTv/status/1978786461064589490","reply","replies","1978786461064589490","2025-10-16T11:33:51.000Z","BetaniaTv","Betania","POSTAL VOTE SCANDAL Postal voting in Spain should be prohibited according to European regulations, due to the risk of fraud. Spain breaches the Code of Good Practices in Electoral Matters of the Venice Commission, which only allows postal voting if it is secure and verifiable, and here it is not. - Correos is overrun by the PSOE: Leire “the Plumber” and the president, a friend of Sánchez, at the helm. - Cases of vote buying: Melilla, for example. - Failed identification in the postal system. - Sánchez, promoting postal voting as if it were salvation. Source | @GuillermoRocaf1","1358","84","2341","1978874231091007880","2025-10-16T17:22:37.000Z","algabahd","Algaba Haldon Duran","Pues blanco y en botella. Pucherazo por correo.","0.0","False","","","","fake_candidate","fake_regex"
"https://x.com/BetaniaTv/status/1978786461064589490","reply","replies","1978786461064589490","2025-10-16T11:33:51.000Z","BetaniaTv","Betania","POSTAL VOTE SCANDAL Postal voting in Spain should be prohibited according to European regulations, due to the risk of fraud. Spain breaches the Code of Good Practices in Electoral Matters of the Venice Commission, which only allows postal voting if it is secure and verifiable, and here it is not. - Correos is overrun by the PSOE: Leire “the Plumber” and the president, a friend of Sánchez, at the helm. - Cases of vote buying: Melilla, for example. - Failed identification in the postal system. - Sánchez, promoting postal voting as if it were salvation. Source | @GuillermoRocaf1","1358","84","2341","1979632363966763167","2025-10-18T19:35:10.000Z","DiazPerez51914","Andres Diaz Perez","Pues entonces el pucherazo lo dio el PP.","0.6000000000000001","False","","","","fake_candidate","fake_regex"
"https://x.com/Pedrovalen53941/status/1977425514861146388","tweet","tweet","1977425514861146388","2025-10-12T17:25:56.000Z","Pedrovalen53941","Pedro Valencia","Gino Lorenzini exposes the fraud of Franco Parisi with the Servel funds.","1132","58","1592","","","","","","","False","","","","unknown",""
"https://x.com/Pedrovalen53941/status/1977425514861146388","reply","replies","1977425514861146388","2025-10-12T17:25:56.000Z","Pedrovalen53941","Pedro Valencia","Gino Lorenzini exposes the fraud of Franco Parisi with the Servel funds.","1132","58","1592","1977457416741532099","2025-10-12T19:32:42.000Z","NakamonoSatoshi","Satoshi Nakamono","Tu candidato es un degenerado de los recursos públicos wn.","0.0","False","","","","unknown",""
"https://x.com/Pedrovalen53941/status/1977425514861146388","reply","replies","1977425514861146388","2025-10-12T17:25:56.000Z","Pedrovalen53941","Pedro Valencia","Gino Lorenzini exposes the fraud of Franco Parisi with the Servel funds.","1132","58","1592","1978070639375241301","2025-10-14T12:09:25.000Z","generalwolf821","GeorgeOrwell1984","lo hacen todos los partidos políticos: republicanos, frente amplio, chilevamos, etc. usan mañas para recibir más dinero de servel.","0.4","False","","","","unknown",""
"https://x.com/Pedrovalen53941/status/1977425514861146388","reply","replies","1977425514861146388","2025-10-12T17:25:56.000Z","Pedrovalen53941","Pedro Valencia","Gino Lorenzini exposes the fraud of Franco Parisi with the Servel funds.","1132","58","1592","1977466993482797439","2025-10-12T20:10:45.000Z","AndesSpo","Andes","Fools who have to speak out for selling themselves to the biggest tax collector from Servel: Kast","0.0","False","","","","unknown",""
"https://x.com/Pedrovalen53941/status/1977425514861146388","reply","replies","1977425514861146388","2025-10-12T17:25:56.000Z","Pedrovalen53941","Pedro Valencia","Gino Lorenzini exposes the fraud of Franco Parisi with the Servel funds.","1132","58","1592","1977545299020124363","2025-10-13T01:21:54.000Z","Capri9015","ValKat","Lorenzini esta picado con Parisi porque, aunque ambos son outsiders, Parisi logró alta votación sin estar en Chile. Lorenzini quedó más marginado: no fue candidato, cerró Felices y Forrados tras polémicas y demandas, y perdió visibilidad e influencia.","0.2","False","","","","unknown",""
"https://x.com/Pedrovalen53941/status/1977425514861146388","reply","replies","1977425514861146388","2025-10-12T17:25:56.000Z","Pedrovalen53941","Pedro Valencia","Gino Lorenzini exposes the fraud of Franco Parisi with the Servel funds.","1132","58","1592","1978086507316433145","2025-10-14T13:12:29.000Z","generalwolf821","GeorgeOrwell1984","Eso de que Parisi se presenta a presidente por dinero, es mentira. Al final Parisi no recibió dinero, porque presentó ropa en el gasto electoral. Como la ropa no es un gasto electoral, Servel no pagó.","0.4","False","","","","debunk_candidate",""
"https://x.com/Pedrovalen53941/status/1977425514861146388","reply","replies","1977425514861146388","2025-10-12T17:25:56.000Z","Pedrovalen53941","Pedro Valencia","Gino Lorenzini exposes the fraud of Franco Parisi with the Servel funds.","1132","58","1592","1978145244886523981","2025-10-14T17:05:53.000Z","tthoro_veloz","la jara los cago con retiros y despues los robo lo","Cuál fraude? 13 palo es fraude? Lorenzini salió mucho ante de pdg","0.0","False","","","","fake_candidate","fake_regex"
"https://x.com/GuillermoRocaf1/status/1979493915360215446","tweet","tweet","","2025-10-18T10:25:01.000Z","GuillermoRocaf1","Guillermo Rocafort","Magnificent article by @el_distrito that analyzes my COMPLAINT about the RISKS of MAIL-IN VOTING in Spain and the need to eliminate this possibility of #PUCHERAZO https:// eldistrito.es/guillermo-roca fort-denuncia-voto-por-correo-en-espana-vulnera-normativa-europea-pone-riesgo-democracia/ ...","321","11","535","","","","","","","True","https://t.co/5DTO4d2Ims","","t.co","fake_candidate","fake_regex"
"https://x.com/GuillermoRocaf1/status/1979493915360215446","reply","replies","","2025-10-18T10:25:01.000Z","GuillermoRocaf1","Guillermo Rocafort","Magnificent article by @el_distrito that analyzes my COMPLAINT about the RISKS of MAIL-IN VOTING in Spain and the need to eliminate this possibility of #PUCHERAZO https:// eldistrito.es/guillermo-roca fort-denuncia-voto-por-correo-en-espana-vulnera-normativa-europea-pone-riesgo-democracia/ ...","321","11","535","1979626293600948506","2025-10-18T19:11:02.000Z","TadeoEus","TadeoEus","Quizás eso no le interese a Von Den Leyer y haya estado haciendo la vista gorda, porque es como a UE está interfiriendo en las elecciones de los países miembros más al este, para que no salga la derecha.","0.0","False","","","","unknown",""
"https://x.com/ferna1_diez/status/1979320158431907995","reply","replies","1979320158431907995","2025-10-17T22:54:34.000Z","ferna1_diez","ferna.d","""If Begoña Gómez weren't the wife of the President, there wouldn't be a case, but if Ayuso's boyfriend weren't Ayuso's boyfriend, it would still be fraud. This is the reality."" Magnificent María Márquez on laSexta Xplica","1865","870","6771","1979463417942392907","2025-10-18T08:23:50.000Z","InesLorenzo","InesLorenzo","I still don't quite get it, that when they want to defend Begoña Gómez, they give the reason why her actions could be a crime. If I send http:// Red.es a recommendation letter for a company, it goes straight to the trash. If the president's wife sends it, what happens?","0.0","True","https://t.co/P80UL99DdV","","t.co","unknown",""
"https://x.com/ferna1_diez/status/1979320158431907995","reply","replies","1979320158431907995","2025-10-17T22:54:34.000Z","ferna1_diez","ferna.d","""If Begoña Gómez weren't the wife of the President, there wouldn't be a case, but if Ayuso's boyfriend weren't Ayuso's boyfriend, it would still be fraud. This is the reality."" Magnificent María Márquez on laSexta Xplica","1865","870","6771","1979574525873574158","2025-10-18T15:45:20.000Z","Gary_Garcia_LC","Gary","Nope... No because it wouldn't happen exactly the same way, or we wouldn't even know about it, because a F.G. would publish a confidential email from an alleged tax defrauder. But the president's wife taking advantage of her position would still happen and we wouldn't have found","0.0","False","","","","unknown",""
